,name,handedness,height,weight,avg,HR,weight_cat,height_cat
0,Tom Brown,R,73,170,0.0,0,Low,Medium
1,Denny Lemaster,R,73,182,0.13,4,Medium,Medium
2,Joe Nolan,L,71,175,0.263,27,Low,Low
3,Denny Doyle,L,69,175,0.25,16,Low,Low
4,Jose Cardenal,R,70,150,0.275,138,Low,Low
5,Mike Ryan,R,74,205,0.193,28,High,Medium
6,Fritz Peterson,B,72,185,0.159,2,Medium,Low
7,Dick Bertell,R,72,200,0.25,10,High,Low
8,Rod Kanehl,R,73,180,0.24100000000000002,6,Medium,Medium
9,Ozzie Osborn,R,74,195,0.0,0,High,Medium
10,John LaRose,L,73,185,0.0,0,Medium,Medium
11,Jeff Byrd,R,75,195,0.0,0,High,High
12,Juan Bonilla,R,69,170,0.256,7,Low,Low
13,Frank Tepedino,L,71,185,0.24100000000000002,6,Medium,Low
14,Jerry Kutzler,L,73,175,0.0,0,Low,Medium
15,Rick Wise,R,73,180,0.195,15,Medium,Medium
16,Darrell Evans,L,74,200,0.248,414,High,Medium
17,Buck Martinez,R,70,190,0.225,58,Medium,Low
18,John Wockenfuss,R,72,190,0.262,86,Medium,Low
19,Tommy McCraw,L,72,183,0.24600000000000002,75,Medium,Low
20,Jeff Barkley,B,75,185,0.0,0,Medium,High
21,Eric Wilkins,R,73,190,0.0,0,Medium,Medium
22,Britt Burns,L,77,215,0.0,0,High,High
23,Lee Lacy,R,73,175,0.28600000000000003,91,Low,Medium
24,Pete Rose,B,71,192,0.303,160,High,Low
25,Danny Walton,R,72,195,0.223,28,High,Low
26,Bobby Cox,R,71,180,0.225,9,Medium,Low
27,Brad Wellman,R,72,170,0.231,6,Low,Low
28,Jeff Newman,R,74,215,0.22399999999999998,63,High,Medium
29,Pedro Gonzalez,R,72,176,0.244,8,Low,Low
30,Nardi Contreras,B,74,193,0.0,0,High,Medium
31,Tommie Reynolds,R,74,190,0.226,12,Medium,Medium
32,Gene Clines,R,69,170,0.27699999999999997,5,Low,Low
33,Jim Hickman,R,75,192,0.252,159,High,High
34,Jack Billingham,R,76,195,0.111,0,High,High
35,Jerry Buchek,R,71,185,0.22,22,Medium,Low
36,Ivan DeJesus,R,71,175,0.254,21,Low,Low
37,Gary Nolan,R,74,197,0.138,1,High,Medium
38,Gil Patterson,R,73,185,0.0,0,Medium,Medium
39,Fred Whitfield,L,73,190,0.253,108,Medium,Medium
40,Larry Dierker,R,76,215,0.136,4,High,High
41,Dave Skaggs,R,74,200,0.24100000000000002,3,High,Medium
42,Dick Ruthven,R,75,190,0.183,1,Medium,High
43,Jerry Garvin,L,75,195,0.0,0,High,High
44,Steve Eddy,R,74,185,0.0,0,Medium,Medium
45,Dave Kingman,R,78,210,0.23600000000000002,442,High,High
46,Eric Soderholm,R,71,187,0.264,102,Medium,Low
47,Kevin Mmahat,L,77,220,0.0,0,High,High
48,Ed Brinkman,R,72,170,0.22399999999999998,60,Low,Low
49,Wayne Garrett,L,71,175,0.239,61,Low,Low
50,Tony Muser,L,74,180,0.259,7,Medium,Medium
51,Jim Siwy,R,76,200,0.0,0,High,High
52,Bud Anderson,R,75,210,0.0,0,High,High
53,Ted Ford,R,70,180,0.21899999999999997,17,Medium,Low
54,Kevin Stanfield,L,72,190,0.0,0,Medium,Low
55,Jim Lyttle,L,72,180,0.248,9,Medium,Low
56,John Butcher,R,76,185,0.0,0,Medium,High
57,Jerry Ujdur,R,73,195,0.0,0,High,Medium
58,Scot Thompson,L,75,195,0.262,5,High,High
59,Gene Locklear,L,70,165,0.27399999999999997,9,Low,Low
60,Bo Diaz,R,71,185,0.255,87,Medium,Low
61,Bump Wills,B,69,172,0.266,36,Low,Low
62,Brian Denman,R,76,205,0.0,0,High,High
63,Pat Putnam,L,72,205,0.255,63,High,Low
64,Kurt Bevacqua,R,72,180,0.23600000000000002,27,Medium,Low
65,Bob Fallon,L,75,200,0.0,0,High,High
66,Syd O'Brien,R,73,185,0.23,24,Medium,Medium
67,Chris Chambliss,L,73,195,0.27899999999999997,185,High,Medium
68,Tom Satriano,L,73,185,0.225,21,Medium,Medium
69,Jeffrey Leonard,R,74,200,0.266,144,High,Medium
70,Dal Maxvill,R,71,157,0.217,6,Low,Low
71,Steve Curry,R,78,217,0.0,0,High,High
72,Cesar Tovar,R,69,155,0.278,46,Low,Low
73,Mickey Lolich,B,73,170,0.11,0,Low,Medium
74,Ray Chadwick,B,74,180,0.0,0,Medium,Medium
75,Jack Heidemann,R,72,175,0.21100000000000002,9,Low,Low
76,Rich Rollins,R,70,185,0.26899999999999996,77,Medium,Low
77,Walt Bond,L,79,228,0.256,41,High,High
78,Merv Rettenmund,R,70,190,0.271,66,Medium,Low
79,Bryan Clutterbuck,R,76,223,0.0,0,High,High
80,Byron Browne,R,74,190,0.23600000000000002,30,Medium,Medium
81,Hector Torres,R,72,175,0.21600000000000003,18,Low,Low
82,Walt Williams,R,66,165,0.27,33,Low,Low
83,Jerry Koosman,R,74,205,0.11900000000000001,2,High,Medium
84,Steve Lombardozzi,R,72,175,0.233,20,Low,Low
85,Joe Azcue,R,72,190,0.252,50,Medium,Low
86,Elliott Maddox,R,71,180,0.261,18,Medium,Low
87,Omar Moreno,L,74,180,0.252,37,Medium,Medium
88,Julian Javier,R,73,175,0.257,78,Low,Medium
89,Tony Ferreira,L,73,160,0.0,0,Low,Medium
90,Elio Chacon,R,69,160,0.23199999999999998,4,Low,Low
91,Rusty Torres,B,70,175,0.212,35,Low,Low
92,John Stearns,R,72,185,0.26,46,Medium,Low
93,Larry Brown,R,70,160,0.233,47,Low,Low
94,Tommy Dean,R,72,165,0.18,4,Low,Low
95,Bryan Oelkers,L,75,192,0.0,0,High,High
96,Kevin Bearse,L,74,195,0.0,0,High,Medium
97,Marty Martinez,B,72,170,0.243,0,Low,Low
98,Bruce Boisclair,L,74,185,0.263,10,Medium,Medium
99,Ken Singleton,B,76,210,0.282,246,High,High
100,Frank White,R,71,165,0.255,160,Low,Low
101,Jim Fairey,L,70,190,0.235,7,Medium,Low
102,Jose Roman,R,72,175,0.0,0,Low,Low
103,Tom Brookens,R,70,165,0.24600000000000002,71,Low,Low
104,Gary Thomasson,L,73,180,0.249,61,Medium,Medium
105,Mike Trujillo,R,73,180,0.0,0,Medium,Medium
106,Albert Williams,R,76,190,0.0,0,Medium,High
107,Oswaldo Peraza,R,76,172,0.0,0,Low,High
108,Otto Velez,R,72,170,0.251,78,Low,Low
109,Tony Scott,B,72,164,0.249,17,Low,Low
110,Ray Oyler,R,71,165,0.175,15,Low,Low
111,Barry Cort,R,77,210,0.0,0,High,High
112,Floyd Robinson,L,69,175,0.28300000000000003,67,Low,Low
113,Steve Jeltz,B,71,180,0.21,5,Medium,Low
114,Lou Brock,L,71,170,0.293,149,Low,Low
115,Bill Wilkinson,R,70,160,0.0,0,Low,Low
116,Joe Lovitto,B,72,185,0.21600000000000003,4,Medium,Low
117,Mike Loynd,R,76,210,0.0,0,High,High
118,Wayne Comer,R,70,175,0.22899999999999998,16,Low,Low
119,Dave Collins,B,71,175,0.272,32,Low,Low
120,Ed Spiezio,R,71,180,0.23800000000000002,39,Medium,Low
121,Rico Petrocelli,R,72,175,0.251,210,Low,Low
122,Johnny Lewis,L,73,189,0.22699999999999998,22,Medium,Medium
123,Dick Simpson,R,76,176,0.207,15,Low,High
124,Ken Boswell,L,72,170,0.248,31,Low,Low
125,Ken McMullen,R,75,190,0.248,156,Medium,High
126,Randy Scarbery,B,73,185,0.0,0,Medium,Medium
127,Steve Swisher,R,74,205,0.21600000000000003,20,High,Medium
128,Ben Callahan,R,79,230,0.0,0,High,High
129,Dick Howser,R,68,155,0.248,16,Low,Low
130,Manny Castillo,B,69,160,0.242,3,Low,Low
131,Mike Ramsey,B,73,170,0.24,2,Low,Medium
132,Willie Crawford,L,73,197,0.268,86,High,Medium
133,Bobby Cuellar,R,71,188,0.0,0,Medium,Low
134,Willie Norwood,R,72,185,0.242,18,Medium,Low
135,Mike Jones,L,78,215,0.0,0,High,High
136,Jeff Stone,L,72,175,0.27699999999999997,11,Low,Low
137,Ramon Manon,R,72,150,0.0,0,Low,Low
138,Joe Lahoud,L,73,198,0.223,65,High,Medium
139,Tim Flannery,L,71,175,0.255,9,Low,Low
140,Dave McKay,B,73,195,0.22899999999999998,21,High,Medium
141,John Trautwein,R,75,205,0.0,0,High,High
142,Andy Replogle,R,77,205,0.0,0,High,High
143,Zach Crouch,L,75,180,0.0,0,Medium,High
144,Benny Ayala,R,73,185,0.251,38,Medium,Medium
145,Ron Romanick,R,76,195,0.0,0,High,High
146,Greg Gross,L,70,160,0.287,7,Low,Low
147,Bruce Tanner,L,75,220,0.0,0,High,High
148,Sal Butera,R,72,190,0.22699999999999998,8,Medium,Low
149,Jack Brohamer,L,70,165,0.245,30,Low,Low
150,Von Joshua,L,70,170,0.273,30,Low,Low
151,Eddie Milner,L,71,173,0.253,42,Low,Low
152,Johnny Jeter,R,73,180,0.244,18,Medium,Medium
153,Angel Salazar,R,72,180,0.212,2,Medium,Low
154,Tony Oliva,L,73,175,0.304,220,Low,Medium
155,Cito Gaston,R,75,190,0.256,91,Medium,High
156,Cookie Rojas,R,70,160,0.263,54,Low,Low
157,Rich Morales,R,71,170,0.195,6,Low,Low
158,Dave Ford,R,76,190,0.0,0,Medium,High
159,Dan Ford,R,73,185,0.27,121,Medium,Medium
160,Barry Raziano,B,70,175,0.0,0,Low,Low
161,Darryl Motley,R,69,196,0.243,44,High,Low
162,Ozzie Virgil,R,73,180,0.243,98,Medium,Medium
163,Johnny Oates,L,71,188,0.25,14,Medium,Low
164,Pat Underwood,L,72,175,0.0,0,Low,Low
165,Mike Phillips,L,72,170,0.24,11,Low,Low
166,Ron Santo,R,72,190,0.27699999999999997,342,Medium,Low
167,Jay Johnstone,L,73,175,0.267,102,Low,Medium
168,Jim Ray Hart,R,71,185,0.278,170,Medium,Low
169,Marc Hill,R,75,205,0.223,34,High,High
170,Joel McKeon,L,72,185,0.0,0,Medium,Low
171,Danny Fife,R,75,175,0.0,0,Low,High
172,Chico Salmon,R,70,160,0.249,31,Low,Low
173,Joe Niekro,R,73,185,0.156,1,Medium,Medium
174,Andy Etchebarren,R,73,190,0.235,49,Medium,Medium
175,Ken Berry,R,72,175,0.255,58,Low,Low
176,Dave Concepcion,R,74,155,0.267,101,Low,Medium
177,Junior Moore,R,71,185,0.264,7,Medium,Low
178,Mike Richardt,R,72,170,0.226,4,Low,Low
179,Chris Brown,R,72,185,0.26899999999999996,38,Medium,Low
180,Al Bumbry,L,68,170,0.281,54,Low,Low
181,Al Downing,R,71,175,0.127,2,Low,Low
182,Bob Didier,B,72,190,0.22899999999999998,0,Medium,Low
183,Jake Gibbs,L,72,180,0.233,25,Medium,Low
184,Garry Hancock,L,72,175,0.247,12,Low,Low
185,Ed Kranepool,L,75,205,0.261,118,High,High
186,Rick Rhoden,R,75,195,0.23800000000000002,9,High,High
187,Denny McLain,R,73,185,0.133,1,Medium,Medium
188,Chuck Hiller,L,71,170,0.243,20,Low,Low
189,Jorge Orta,L,70,170,0.278,130,Low,Low
190,Dave Cash,R,71,170,0.28300000000000003,21,Low,Low
191,Bucky Dent,R,69,170,0.247,40,Low,Low
192,Andy Beene,R,75,205,0.0,0,High,High
193,Bruce Robbins,L,73,190,0.0,0,Medium,Medium
194,Tony Gonzalez,L,69,170,0.28600000000000003,103,Low,Low
195,Leon Hooten,R,71,180,0.0,0,Medium,Low
196,Larry Haney,R,74,195,0.215,12,High,Medium
197,Billy Conigliaro,R,72,180,0.256,40,Medium,Low
198,Gary Roenicke,R,75,205,0.247,121,High,High
199,Don Lock,R,74,195,0.23800000000000002,122,High,Medium
200,Billy Cowan,R,72,170,0.23600000000000002,40,Low,Low
201,Billy Smith,B,74,185,0.23,17,Medium,Medium
202,Allan Ramirez,R,70,180,0.0,0,Medium,Low
203,Tony Perez,R,74,175,0.27899999999999997,379,Low,Medium
204,Chuck Schilling,R,70,160,0.239,23,Low,Low
205,Hal McRae,R,71,180,0.29,191,Medium,Low
206,Dave Roberts,R,75,215,0.239,49,High,High
207,Brian Allard,R,73,175,0.0,0,Low,Medium
208,Jim Lefebvre,B,72,180,0.251,74,Medium,Low
209,Fernando Arroyo,R,74,180,0.0,0,Medium,Medium
210,Gary Beare,R,76,205,0.0,0,High,High
211,Charlie Spikes,R,75,215,0.24600000000000002,65,High,High
212,Brian Dubois,L,70,165,0.0,0,Low,Low
213,Steve Whitaker,L,72,180,0.23,24,Medium,Low
214,Manny Jimenez,L,73,185,0.272,26,Medium,Medium
215,Chris Batton,R,76,195,0.0,0,High,High
216,Duffy Dyer,R,72,187,0.221,30,Medium,Low
217,Ken Henderson,B,74,180,0.257,122,Medium,Medium
218,Vance Lovelace,L,77,205,0.0,0,High,High
219,Greg Thayer,R,71,182,0.0,0,Medium,Low
220,Vern Fuller,R,73,170,0.23199999999999998,14,Low,Medium
221,Paul Hartzell,R,77,200,0.0,0,High,High
222,Wayne Gross,L,74,210,0.233,121,High,Medium
223,Mike Champion,R,72,185,0.22899999999999998,2,Medium,Low
224,Ralph Botting,L,72,195,0.0,0,High,Low
225,Paul Casanova,R,76,180,0.225,50,Medium,High
226,Steve Rogers,R,74,175,0.138,0,Low,Medium
227,Keith Creel,R,74,180,0.0,0,Medium,Medium
228,Terry Crowley,L,72,180,0.25,42,Medium,Low
229,Horace Clarke,B,69,170,0.256,27,Low,Low
230,Lou Clinton,R,73,185,0.247,65,Medium,Medium
231,Larry Cox,R,70,178,0.221,12,Low,Low
232,Nate Colbert,R,74,190,0.243,173,Medium,Medium
233,Phil Roof,R,74,190,0.215,43,Medium,Medium
234,Chuck Hinton,R,73,180,0.264,113,Medium,Medium
235,Tim Cullen,R,73,185,0.22,9,Medium,Medium
236,Tim Harkness,L,74,182,0.235,14,Medium,Medium
237,Rick Bosetti,R,71,185,0.25,17,Medium,Low
238,Ron Pruitt,R,72,185,0.26899999999999996,12,Medium,Low
239,George Foster,R,73,180,0.27399999999999997,348,Medium,Medium
240,Jerry White,B,70,164,0.253,21,Low,Low
241,Angel Mangual,R,70,178,0.245,22,Low,Low
242,Ken Gerhart,R,72,190,0.221,24,Medium,Low
243,Mike Hershberger,R,70,175,0.252,26,Low,Low
244,Jim French,L,68,180,0.196,5,Medium,Low
245,Dave Roberts,L,75,195,0.19399999999999998,7,High,High
246,Jim Mason,L,74,185,0.203,12,Medium,Medium
247,Mike Smith,R,75,180,0.0,0,Medium,High
248,Willie Smith,L,72,182,0.248,46,Medium,Low
249,T.R. Bryden,R,76,190,0.0,0,Medium,High
250,Jose Arcia,R,75,170,0.215,1,Low,High
251,Leon Durham,L,73,185,0.27699999999999997,147,Medium,Medium
252,Tom Makowski,R,71,185,0.0,0,Medium,Low
253,Paul Householder,B,72,180,0.23600000000000002,29,Medium,Low
254,Aurelio Rodriguez,R,70,180,0.237,124,Medium,Low
255,Jimmy Stewart,B,72,165,0.237,8,Low,Low
256,Dick Phillips,L,72,180,0.22899999999999998,12,Medium,Low
257,Andres Thomas,R,73,170,0.23399999999999999,42,Low,Medium
258,Ed Crosby,L,74,175,0.22,0,Low,Medium
259,Mike de la Hoz,R,71,175,0.251,25,Low,Low
260,Frank Taveras,R,72,155,0.255,2,Low,Low
261,Joe Nossek,R,72,178,0.228,3,Low,Low
262,Larry Stahl,L,72,175,0.23199999999999998,36,Low,Low
263,Jose Cruz,L,72,170,0.284,165,Low,Low
264,Don Mason,L,71,160,0.205,3,Low,Low
265,Bill Robinson,R,74,189,0.258,166,Medium,Medium
266,Jim Umbarger,L,78,200,0.0,0,High,High
267,Sal Bando,R,72,195,0.254,242,High,Low
268,George Mitterwald,R,74,195,0.23600000000000002,76,High,Medium
269,Mike Darr,R,76,190,0.0,0,Medium,High
270,Craig Robinson,R,70,165,0.21899999999999997,0,Low,Low
271,Bob Tillman,R,76,205,0.23199999999999998,79,High,High
272,Curt Wardle,L,77,220,0.0,0,High,High
273,Pat Corrales,R,72,180,0.21600000000000003,4,Medium,Low
274,Mike Tyson,R,69,170,0.24100000000000002,27,Low,Low
275,Rafael Landestoy,B,70,165,0.237,4,Low,Low
276,Duane Josephson,R,72,190,0.258,23,Medium,Low
277,Duane Walker,L,72,185,0.22899999999999998,24,Medium,Low
278,Glenn Hubbard,R,69,150,0.244,70,Low,Low
279,Roger Freed,R,72,190,0.245,22,Medium,Low
280,George Hendrick,R,75,195,0.278,267,High,High
281,Rod Carew,L,72,170,0.32799999999999996,92,Low,Low
282,Bob Davis,R,72,180,0.19699999999999998,6,Medium,Low
283,Toby Harrah,R,72,175,0.264,195,Low,Low
284,Rick Manning,L,73,180,0.257,56,Medium,Medium
285,Israel Sanchez,L,69,170,0.0,0,Low,Low
286,Steve Burke,B,74,200,0.0,0,High,Medium
287,Gary Matthews,R,74,185,0.281,234,Medium,Medium
288,Cesar Geronimo,L,72,165,0.258,51,Low,Low
289,Billy Bryan,L,76,200,0.21600000000000003,41,High,High
290,Terry Taylor,R,73,180,0.0,0,Medium,Medium
291,Terry Whitfield,L,73,197,0.281,33,High,Medium
292,Mario Mendoza,R,71,170,0.215,4,Low,Low
293,Fred Lynn,L,73,185,0.28300000000000003,306,Medium,Medium
294,Larry Hisle,R,74,193,0.273,166,High,Medium
295,Graig Nettles,L,72,180,0.248,390,Medium,Low
296,Randy Nosek,R,76,215,0.0,0,High,High
297,Dave Engle,R,75,210,0.262,31,High,High
298,Narciso Elvira,L,70,160,0.0,0,Low,Low
299,Mike Easler,L,72,190,0.293,118,Medium,Low
300,Mark Smith,R,74,215,0.0,0,High,Medium
301,Paul Mitchell,R,73,195,0.0,0,High,Medium
302,Rick Sweet,B,73,200,0.23399999999999999,6,High,Medium
303,Thurman Munson,R,71,190,0.292,113,Medium,Low
304,Rick Monday,L,75,193,0.264,241,High,High
305,Mike Sadek,R,69,165,0.226,5,Low,Low
306,Mark Belanger,R,73,170,0.228,20,Low,Medium
307,Ron Hunt,R,72,186,0.273,39,Medium,Low
308,Joe Keough,L,72,185,0.24600000000000002,9,Medium,Low
309,Butch Edge,R,75,203,0.0,0,High,High
310,Vic Correll,R,70,185,0.22899999999999998,29,Medium,Low
311,Jackie Hernandez,R,71,165,0.20800000000000002,12,Low,Low
312,Tony Solaita,L,72,210,0.255,50,High,Low
313,U L Washington,B,71,175,0.251,27,Low,Low
314,Gary Mielke,R,75,185,0.0,0,Medium,High
315,Rick Henninger,R,78,225,0.0,0,High,High
316,Joe Foy,R,72,215,0.248,58,High,Low
317,Ed Goodson,L,75,180,0.26,30,Medium,High
318,Mark Brown,B,74,190,0.0,0,Medium,Medium
319,Mickey Klutts,R,71,170,0.24100000000000002,14,Low,Low
320,Leroy Stanton,R,73,195,0.244,77,High,Medium
321,Rafael Vasquez,R,72,160,0.0,0,Low,Low
322,Len Whitehouse,L,71,175,0.0,0,Low,Low
323,Danny Ainge,R,76,175,0.22,2,Low,High
324,Adolfo Phillips,R,73,175,0.247,59,Low,Medium
325,Marv Breeding,R,72,175,0.25,7,Low,Low
326,Steve Adkins,R,78,210,0.0,0,High,High
327,Dick McAuliffe,L,71,176,0.247,197,Low,Low
328,Joe Horlen,R,72,170,0.134,0,Low,Low
329,Glenn Burke,R,72,195,0.237,2,High,Low
330,Tony Mack,R,70,177,0.0,0,Low,Low
331,Terry Humphrey,R,75,185,0.21100000000000002,6,Medium,High
332,Bill Moran,R,76,210,0.0,0,High,High
333,Enzo Hernandez,R,68,155,0.22399999999999998,2,Low,Low
334,Cesar Gutierrez,R,69,155,0.235,0,Low,Low
335,Coco Laboy,R,70,165,0.233,28,Low,Low
336,Ted Kubiak,B,72,175,0.231,13,Low,Low
337,Jim Morrison,R,71,175,0.26,112,Low,Low
338,Tom Gilles,R,73,185,0.0,0,Medium,Medium
339,Bobby Knoop,R,73,170,0.23600000000000002,56,Low,Medium
340,Bobby Brown,B,74,190,0.245,26,Medium,Medium
341,Tom Hutton,L,71,180,0.248,22,Medium,Low
342,Ron Hodges,L,73,185,0.24,19,Medium,Medium
343,Rich Chiles,L,71,170,0.254,6,Low,Low
344,Tom Paciorek,R,76,215,0.282,86,High,High
345,Gary Woods,R,74,185,0.243,13,Medium,Medium
346,Bob Montgomery,R,73,195,0.258,23,High,Medium
347,Jeff Burroughs,R,73,200,0.261,240,High,Medium
348,Rusty Staub,L,74,190,0.27899999999999997,292,Medium,Medium
349,Jim Norris,L,70,175,0.264,7,Low,Low
350,Oscar Gamble,L,71,160,0.265,200,Low,Low
351,Bob Kammeyer,R,76,210,0.0,0,High,High
352,George Vukovich,L,72,198,0.268,27,High,Low
353,Joe Pactwa,L,71,185,0.0,0,Medium,Low
354,Craig Reynolds,L,73,175,0.256,42,Low,Medium
355,Paul Blair,R,72,168,0.25,134,Low,Low
356,Al Cowens,R,73,197,0.27,108,High,Medium
357,Al Oliver,L,72,195,0.303,219,High,Low
358,Dave Hilton,R,71,191,0.213,6,High,Low
359,Luis Alvarado,R,69,162,0.214,5,Low,Low
360,Larry Parrish,R,75,190,0.263,256,Medium,High
361,Woodie Fryman,R,75,197,0.138,2,High,High
362,Bob Randall,R,74,175,0.257,1,Low,Medium
363,Jim Pankovits,R,70,170,0.25,9,Low,Low
364,Sherman Corbett,L,76,205,0.0,0,High,High
365,Carmen Fanzone,R,72,200,0.22399999999999998,20,High,Low
366,Gary Allenson,R,71,185,0.221,19,Medium,Low
367,Milt May,L,72,190,0.263,77,Medium,Low
368,Mike Vail,R,73,180,0.27899999999999997,34,Medium,Medium
369,Nick Esasky,R,75,200,0.25,122,High,High
370,Jim Nettles,L,72,186,0.22,16,Medium,Low
371,Lafayette Currence,B,71,175,0.0,0,Low,Low
372,Chris Cannizzaro,R,72,190,0.235,18,Medium,Low
373,Larry Biittner,L,74,205,0.273,29,High,Medium
374,John Pawlowski,R,74,175,0.0,0,Low,Medium
375,Mel Stottlemyre,R,73,178,0.16,7,Low,Medium
376,Jack Hardy,R,74,175,0.0,0,Low,Medium
377,Ron Musselman,R,74,185,0.0,0,Medium,Medium
378,Roy Smalley,B,73,185,0.257,163,Medium,Medium
379,Tony Chevez,R,71,177,0.0,0,Low,Low
380,Andy Messersmith,R,73,200,0.17,5,High,Medium
381,Richie Zisk,R,73,200,0.287,207,High,Medium
382,Dave Chalk,R,70,175,0.252,15,Low,Low
383,Don Baylor,R,73,190,0.26,338,Medium,Medium
384,John Vukovich,R,73,187,0.161,6,Medium,Medium
385,Danny Thompson,R,72,183,0.248,15,Medium,Low
386,Joe Simpson,L,75,175,0.242,9,Low,High
387,Bill Fahey,L,72,200,0.24100000000000002,7,High,Low
388,Doug Camilli,R,71,195,0.19899999999999998,18,High,Low
389,Bernie Allen,L,72,175,0.239,73,Low,Low
390,Bruce Bochy,R,75,205,0.239,26,High,High
391,Gary Ignasiak,R,71,185,0.0,0,Medium,Low
392,Claudell Washington,L,72,190,0.278,164,Medium,Low
393,John Donaldson,L,71,160,0.23800000000000002,4,Low,Low
394,Mike Smithson,L,80,215,0.0,0,High,High
395,John Mayberry,L,75,215,0.253,255,High,High
396,Ken Reitz,R,72,180,0.26,68,Medium,Low
397,Amos Otis,R,71,165,0.27699999999999997,193,Low,Low
398,Gene Alley,R,70,160,0.254,55,Low,Low
399,Ted Sizemore,R,70,165,0.262,23,Low,Low
400,Dan Briggs,L,72,180,0.195,12,Medium,Low
401,Joe Skalski,R,75,190,0.0,0,Medium,High
402,Doug Flynn,R,71,165,0.23800000000000002,7,Low,Low
403,Bert Bradley,B,73,190,0.0,0,Medium,Medium
404,Ken Holtzman,R,74,175,0.163,2,Low,Medium
405,Pete Ward,L,73,185,0.254,98,Medium,Medium
406,Kevin Bell,R,72,195,0.222,13,High,Low
407,Tom Nieto,R,73,193,0.205,5,High,Medium
408,Duke Sims,L,74,197,0.239,100,High,Medium
409,Larvell Blanks,R,68,167,0.253,20,Low,Low
410,Francisco Barrios,R,71,155,0.0,0,Low,Low
411,Mike Davis,L,74,175,0.259,91,Low,Medium
412,Jerry Reuss,L,77,200,0.16699999999999998,1,High,High
413,Steve Yeager,R,72,190,0.228,102,Medium,Low
414,Danny Goodwin,L,73,195,0.23600000000000002,13,High,Medium
415,Bud Harrelson,B,71,160,0.23600000000000002,7,Low,Low
416,Bob Knepper,L,75,195,0.13699999999999998,6,High,High
417,Mickey Rivers,L,70,165,0.295,61,Low,Low
418,Jim Northrup,L,75,190,0.267,153,Medium,High
419,John Hale,L,74,195,0.201,14,High,Medium
420,Reggie Ritter,L,74,195,0.0,0,High,Medium
421,Pedro Garcia,R,70,175,0.22,37,Low,Low
422,Carl Yastrzemski,L,71,175,0.285,452,Low,Low
423,Bob Babcock,R,77,210,0.0,0,High,High
424,Craig Eaton,R,71,175,0.0,0,Low,Low
425,Derrel Thomas,B,72,160,0.249,43,Low,Low
426,Art Howe,R,74,190,0.26,43,Medium,Medium
427,Ike Brown,R,72,190,0.256,20,Medium,Low
428,Howie Goss,R,76,204,0.21600000000000003,11,High,High
429,Glenn Borgmann,R,76,210,0.22899999999999998,16,High,High
430,Lamar Johnson,R,74,215,0.287,64,High,Medium
431,Julio Gonzalez,R,71,162,0.235,4,Low,Low
432,Bobby Klaus,R,70,170,0.20800000000000002,6,Low,Low
433,Manny Sanguillen,R,72,193,0.29600000000000004,65,High,Low
434,Gates Brown,L,71,220,0.257,84,High,Low
435,Johnny Ray,B,71,170,0.29,53,Low,Low
436,Jesus Alou,R,74,190,0.28,32,Medium,Medium
437,Ken Landreaux,L,70,165,0.268,91,Low,Low
438,Enos Cabell,R,76,170,0.27699999999999997,60,Low,High
439,Roy Branch,R,72,175,0.0,0,Low,Low
440,Billy North,B,71,185,0.261,20,Medium,Low
441,Juan Beniquez,R,71,150,0.27399999999999997,79,Low,Low
442,Frank Fernandez,R,72,185,0.19899999999999998,39,Medium,Low
443,Bombo Rivera,R,70,187,0.265,10,Medium,Low
444,Steve Brye,R,72,190,0.258,30,Medium,Low
445,Ron Jackson,R,72,200,0.259,56,High,Low
446,Roger Metzger,B,72,165,0.231,5,Low,Low
447,Rufino Linares,R,72,170,0.27,11,Low,Low
448,Ray Webster,L,72,185,0.244,17,Medium,Low
449,Bob Kearney,R,72,190,0.233,27,Medium,Low
450,Fergie Jenkins,R,77,205,0.165,13,High,High
451,Dick Dietz,R,73,195,0.261,66,High,Medium
452,Ted Cox,R,75,195,0.245,10,High,High
453,Bobby Mitchell,L,70,170,0.243,3,Low,Low
454,Bobby Mitchell,R,75,185,0.235,21,Medium,High
455,Barry Evans,R,73,180,0.251,2,Medium,Medium
456,Mickey Brantley,R,70,180,0.259,32,Medium,Low
457,Al Gallagher,R,72,180,0.263,11,Medium,Low
458,Rob Woodward,R,75,185,0.0,0,Medium,High
459,Hector Cruz,R,71,170,0.225,39,Low,Low
460,Fred Norman,B,68,155,0.125,0,Low,Low
461,Woody Woodward,R,74,180,0.23600000000000002,1,Medium,Medium
462,Ted Martinez,R,72,165,0.24,7,Low,Low
463,Jim Anderson,R,72,170,0.218,13,Low,Low
464,Lenn Sakata,R,69,160,0.23,25,Low,Low
465,Dave Duncan,R,74,190,0.214,109,Medium,Medium
466,Randy Jones,R,72,178,0.132,0,Low,Low
467,Dick Billings,R,73,195,0.22699999999999998,16,High,Medium
468,Bob Veselic,R,72,175,0.0,0,Low,Low
469,Bruce Bochte,L,75,195,0.282,100,High,High
470,Bernie Carbo,L,71,173,0.264,96,Low,Low
471,Vic Davalillo,L,67,150,0.27899999999999997,36,Low,Low
472,Burt Hooton,R,73,210,0.12300000000000001,4,High,Medium
473,Chuck Hockenbery,B,73,195,0.0,0,High,Medium
474,Bob Ferris,R,78,225,0.0,0,High,High
475,Fernando Gonzalez,R,70,165,0.235,17,Low,Low
476,Jim Sundberg,R,72,190,0.248,95,Medium,Low
477,Andy Kosco,R,75,205,0.23600000000000002,73,High,High
478,Steve Huntz,B,73,204,0.20600000000000002,16,High,Medium
479,Gary Wheelock,R,75,205,0.0,0,High,High
480,Lenny Faedo,R,72,170,0.251,5,Low,Low
481,John Lowenstein,L,72,175,0.253,116,Low,Low
482,Don Kessinger,B,73,170,0.252,14,Low,Medium
483,Joe Hague,L,72,195,0.239,40,High,Low
484,Bake McBride,L,74,190,0.299,63,Medium,Medium
485,Dick Davis,R,75,190,0.265,27,Medium,High
486,Richie Scheinblum,B,73,180,0.263,13,Medium,Medium
487,Ed Herrmann,L,73,195,0.24,80,High,Medium
488,Mike Rochford,L,76,205,0.0,0,High,High
489,Jeff Schneider,B,75,195,0.0,0,High,High
490,Bob Molinaro,L,72,190,0.264,14,Medium,Low
491,Mike Hegan,L,73,188,0.242,53,Medium,Medium
492,Mike Diaz,R,74,195,0.247,31,High,Medium
493,Tim Foli,R,72,179,0.251,25,Medium,Low
494,Alan Knicely,R,72,190,0.213,12,Medium,Low
495,Tim Laudner,R,75,212,0.225,77,High,High
496,Jose Morales,R,71,187,0.287,26,Medium,Low
497,Luis Encarnacion,R,70,178,0.0,0,Low,Low
498,Rick Kreuger,R,74,185,0.0,0,Medium,Medium
499,Juan Marichal,R,72,185,0.165,4,Medium,Low
500,Vida Blue,B,72,189,0.10400000000000001,4,Medium,Low
501,Angel Moreno,L,69,165,0.0,0,Low,Low
502,Roger Weaver,R,75,190,0.0,0,Medium,High
503,Stan Papi,R,72,170,0.218,7,Low,Low
504,Rob Wilfong,L,73,180,0.248,39,Medium,Medium
505,Chris Knapp,R,77,195,0.0,0,High,High
506,Steve Henderson,R,74,190,0.28,68,Medium,Medium
507,Rob Picciolo,R,74,185,0.23399999999999999,17,Medium,Medium
508,Don Welchel,R,76,205,0.0,0,High,High
509,Randy Wiles,L,73,185,0.0,0,Medium,Medium
510,Roberto Pena,R,68,170,0.245,13,Low,Low
511,Bob Dernier,R,72,160,0.255,23,Low,Low
512,Bill Melton,R,74,200,0.253,160,High,Medium
513,Albert Hall,B,71,155,0.251,5,Low,Low
514,Barbaro Garbey,R,70,170,0.267,11,Low,Low
515,John Milner,L,72,185,0.249,131,Medium,Low
516,Rich Reese,L,75,185,0.253,52,Medium,High
517,Chris Bando,B,72,195,0.22699999999999998,27,High,Low
518,Bill Buckner,L,72,185,0.289,174,Medium,Low
519,Jack Hiatt,R,74,190,0.251,22,Medium,Medium
520,Nelson Mathews,R,76,195,0.223,22,High,High
521,Larry Lintz,B,69,150,0.22699999999999998,0,Low,Low
522,Ron Theobald,R,68,165,0.248,2,Low,Low
523,Dewey Robinson,R,72,180,0.0,0,Medium,Low
524,Rafael Santana,R,73,165,0.24600000000000002,13,Low,Medium
525,Jerry Hairston,B,70,170,0.258,30,Low,Low
526,Tony Arnold,R,71,170,0.0,0,Low,Low
527,Jeff Schattinger,L,77,200,0.0,0,High,High
528,Ike Brookens,R,77,170,0.0,0,Low,High
529,Tommie Aaron,R,75,190,0.22899999999999998,13,Medium,High
530,Steve Dillard,R,73,180,0.243,13,Medium,Medium
531,Win Remmerswaal,R,74,160,0.0,0,Low,Medium
532,Jeff Peterek,R,74,195,0.0,0,High,Medium
533,George Scott,R,74,200,0.268,271,High,Medium
534,Jeff Shaver,R,75,195,0.0,0,High,High
535,Ken Walters,R,73,180,0.231,11,Medium,Medium
536,Gorman Thomas,R,74,210,0.225,268,High,Medium
537,Paul Dade,R,73,185,0.27,10,Medium,Medium
538,Darrell Porter,L,72,193,0.247,188,High,Low
539,Tim Johnson,L,73,170,0.223,0,Low,Medium
540,Fred Stanley,R,70,165,0.21600000000000003,10,Low,Low
541,Larry Bowa,B,70,155,0.26,15,Low,Low
542,Tim Corcoran,L,71,175,0.27,12,Low,Low
543,Jim Spencer,L,74,195,0.25,146,High,Medium
544,Pete LaCock,L,74,200,0.257,27,High,Medium
545,Carl Morton,R,72,200,0.156,7,High,Low
546,Gary Gray,R,72,187,0.24,24,Medium,Low
547,Matty Alou,L,69,160,0.307,31,Low,Low
548,Pete Filson,B,74,195,0.0,0,High,Medium
549,Jim Dwyer,L,70,165,0.26,77,Low,Low
550,Dalton Jones,L,73,180,0.235,41,Medium,Medium
551,Rennie Stennett,R,71,160,0.27399999999999997,41,Low,Low
552,Jim Gideon,R,75,190,0.0,0,Medium,High
553,Jerry May,R,74,190,0.23399999999999999,15,Medium,Medium
554,Rich McKinney,R,71,185,0.225,20,Medium,Low
555,Clint Hurdle,L,75,195,0.259,32,High,High
556,Mike Andrews,R,75,195,0.258,66,High,High
557,Bobby Clark,R,72,190,0.239,19,Medium,Low
558,Jeff Twitty,L,74,185,0.0,0,Medium,Medium
559,Cliff Johnson,R,76,215,0.258,196,High,High
560,Steve Cummings,B,74,200,0.0,0,High,Medium
561,Donn Clendenon,R,76,209,0.27399999999999997,159,High,High
562,Charlie James,R,73,195,0.255,29,High,Medium
563,Bob Horner,R,73,195,0.27699999999999997,218,High,Medium
564,Tom Veryzer,R,73,175,0.24100000000000002,14,Low,Medium
565,Jose Cecena,R,71,180,0.0,0,Medium,Low
566,George Smith,R,70,170,0.205,9,Low,Low
567,Jim Essian,R,74,195,0.244,33,High,Medium
568,Onix Concepcion,R,66,160,0.239,3,Low,Low
569,Boots Day,L,69,160,0.256,8,Low,Low
570,Brian Giles,R,73,165,0.228,10,Low,Medium
571,Garry Maddox,R,75,175,0.285,117,Low,High
572,Alex Trevino,R,70,165,0.249,23,Low,Low
573,Jim Price,R,72,192,0.214,18,High,Low
574,Felix Millan,R,71,172,0.27899999999999997,22,Low,Low
575,Steve Garvey,R,70,192,0.294,272,High,Low
576,Don Mincher,L,75,205,0.249,200,High,High
577,Greg Erardi,R,73,190,0.0,0,Medium,Medium
578,Jim Farr,R,73,195,0.0,0,High,Medium
579,Tony Cloninger,R,72,210,0.192,11,High,Low
580,Jim Gosger,L,71,185,0.226,30,Medium,Low
581,Chuck Harrison,R,70,185,0.23800000000000002,17,Medium,Low
582,Mike Ivie,R,75,205,0.26899999999999996,81,High,High
583,Frank Dimichele,R,75,205,0.0,0,High,High
584,Bob Veale,B,78,212,0.114,0,High,High
585,Marvell Wynne,L,71,175,0.247,40,Low,Low
586,Dusty Baker,R,74,183,0.278,242,Medium,Medium
587,Tucker Ashford,R,73,195,0.218,6,High,Medium
588,Ned Yost,R,73,190,0.212,16,Medium,Medium
589,Bob Stinson,B,71,180,0.25,33,Medium,Low
590,Mike Warren,R,73,175,0.0,0,Low,Medium
591,Gaylord Perry,R,76,205,0.131,6,High,High
592,Dave Marshall,L,73,182,0.24600000000000002,16,Medium,Medium
593,Mickey Hatcher,R,74,200,0.28,38,High,Medium
594,Roger Repoz,L,75,190,0.22399999999999998,82,Medium,High
595,Bill Fulton,R,75,195,0.0,0,High,High
596,John Orsino,R,75,215,0.249,40,High,High
597,Larry Anderson,R,75,190,0.0,0,Medium,High
598,Johnny Briggs,L,73,190,0.253,139,Medium,Medium
599,Craig Mitchell,R,75,180,0.0,0,Medium,High
600,Dave Hostetler,R,76,215,0.22899999999999998,37,High,High
601,Bob Jones,L,74,195,0.221,20,High,Medium
602,Keith Hernandez,L,72,180,0.29600000000000004,162,Medium,Low
603,Alfredo Martinez,R,75,185,0.0,0,Medium,High
604,Dean Chance,R,75,200,0.066,0,High,High
605,Willie Upshaw,L,72,185,0.262,123,Medium,Low
606,Dick Green,R,70,180,0.24,80,Medium,Low
607,Dane Iorg,L,72,180,0.276,14,Medium,Low
608,Richie Hebner,L,73,195,0.276,203,High,Medium
609,Fran Healy,R,77,220,0.25,20,High,High
610,Doc Edwards,R,74,215,0.23800000000000002,15,High,Medium
611,Sandy Alomar,B,69,140,0.245,13,Low,Low
612,Joe Strain,R,70,169,0.25,1,Low,Low
613,Gene Richards,L,72,175,0.29,26,Low,Low
614,Buddy Bell,R,73,180,0.27899999999999997,201,Medium,Medium
615,Al Woods,L,75,190,0.271,35,Medium,High
616,Rudy Law,L,73,165,0.271,18,Low,Medium
617,Joel Davis,L,77,205,0.0,0,High,High
618,Jody Davis,R,76,192,0.245,127,High,High
619,Mike Edwards,R,70,154,0.25,2,Low,Low
620,Bill Mooneyham,R,72,175,0.0,0,Low,Low
621,John Hobbs,R,75,190,0.0,0,Medium,High
622,Deron Johnson,R,74,200,0.244,245,High,Medium
623,John Denny,R,75,185,0.17,0,Medium,High
624,Don Wert,R,70,162,0.242,77,Low,Low
625,Mike Fiore,L,72,175,0.22699999999999998,13,Low,Low
626,Miguel Dilone,B,72,160,0.265,6,Low,Low
627,Greg Luzinski,R,73,220,0.276,307,High,Medium
628,Bobby Tolan,L,71,170,0.265,86,Low,Low
629,Karl Best,R,76,190,0.0,0,Medium,High
630,Steve Barr,L,76,200,0.0,0,High,High
631,Ron Woods,R,70,168,0.233,26,Low,Low
632,Tony Horton,R,75,210,0.268,76,High,High
633,Randy Hundley,R,71,170,0.23600000000000002,82,Low,Low
634,Jose Tartabull,L,71,165,0.261,2,Low,Low
635,Ben Oglivie,L,74,160,0.273,235,Low,Medium
636,Luis Sanchez,R,74,170,0.0,0,Low,Medium
637,Bob Johnson,R,70,175,0.272,44,Low,Low
638,Don Buford,B,67,160,0.264,93,Low,Low
639,Duane Kuiper,L,72,175,0.271,1,Low,Low
640,Brant Alyea,R,75,215,0.247,38,High,High
641,Jerry Narron,L,75,205,0.21100000000000002,21,High,High
642,Lou Johnson,R,71,170,0.258,48,Low,Low
643,Ken Retzer,L,72,185,0.264,14,Medium,Low
644,Mike Brown,R,74,195,0.265,23,High,Medium
645,Mike Brown,R,74,195,0.0,0,High,Medium
646,Greg Walker,L,75,205,0.26,113,High,High
647,Terry Harper,R,76,195,0.253,36,High,High
648,Jerry Royster,R,72,165,0.249,40,Low,Low
649,Steve Davis,L,73,195,0.0,0,High,Medium
650,Jeff Rineer,L,76,205,0.0,0,High,High
651,Barry Bonnell,R,75,190,0.272,56,Medium,High
652,Tom Seaver,R,73,195,0.154,12,High,Medium
653,Jerry Martin,R,73,195,0.251,85,High,Medium
654,Bill Stein,R,70,170,0.267,44,Low,Low
655,Joel Youngblood,R,72,180,0.265,80,Medium,Low
656,Reggie Jackson,L,72,195,0.262,563,High,Low
657,Sonny Jackson,L,69,150,0.251,7,Low,Low
658,Mark Mercer,L,77,220,0.0,0,High,High
659,Rodney Scott,B,72,160,0.23600000000000002,3,Low,Low
660,Rich Coggins,L,68,170,0.265,12,Low,Low
661,Phil Gagliano,R,73,180,0.23800000000000002,14,Medium,Medium
662,Jerry McNertney,R,72,180,0.237,27,Medium,Low
663,Mitchell Page,L,74,205,0.266,72,High,Medium
664,Kiko Garcia,R,71,180,0.239,12,Medium,Low
665,Larry Milbourne,B,72,161,0.254,11,Low,Low
666,Bill Sudakis,B,73,190,0.23399999999999999,59,Medium,Medium
667,John Caneira,R,75,180,0.0,0,Medium,High
668,Domingo Ramos,R,70,154,0.24,8,Low,Low
669,Ron Oester,B,74,185,0.265,42,Medium,Medium
670,Glenn Adams,L,73,180,0.28,34,Medium,Medium
671,Clint Zavaras,R,73,175,0.0,0,Low,Medium
672,Joe Morgan,L,67,160,0.271,268,Low,Low
673,R.J. Reynolds,B,72,190,0.267,35,Medium,Low
674,Mike Parrott,R,76,210,0.0,0,High,High
675,Lee Thomas,L,74,195,0.255,106,High,Medium
676,Ray Fosse,R,74,215,0.256,61,High,Medium
677,Paul Popovich,B,72,175,0.233,14,Low,Low
678,John Stephenson,L,71,180,0.21600000000000003,12,Medium,Low
679,Doug Clemens,L,72,180,0.22899999999999998,12,Medium,Low
680,Luis Aponte,R,72,185,0.0,0,Medium,Low
681,Orlando Mercado,R,72,180,0.19899999999999998,7,Medium,Low
682,Charley Smith,R,73,170,0.239,69,Low,Medium
683,Paul Boris,R,74,200,0.0,0,High,Medium
684,Buddy Biancalana,B,71,160,0.205,6,Low,Low
685,De Wayne Buice,R,72,170,0.0,0,Low,Low
686,Bob Uecker,R,73,190,0.2,14,Medium,Medium
687,Felix Torres,R,71,165,0.254,27,Low,Low
688,Steve Braun,L,70,180,0.271,52,Medium,Low
689,Ray Knight,R,73,185,0.271,84,Medium,Medium
690,Ty Cline,L,72,170,0.23800000000000002,6,Low,Low
691,Thad Bosley,L,75,175,0.272,20,Low,High
692,Bobby Grich,R,74,180,0.266,224,Medium,Medium
693,Jimmie Hall,L,72,175,0.254,121,Low,Low
694,John Boccabella,R,73,195,0.21899999999999997,26,High,Medium
695,Brock Davis,L,70,160,0.26,1,Low,Low
696,Mark Esser,R,73,190,0.0,0,Medium,Medium
697,Curt Blefary,L,74,195,0.237,112,High,Medium
698,Daryl Smith,R,76,185,0.0,0,Medium,High
699,Dave Smith,R,73,190,0.0,0,Medium,Medium
700,Mack Jones,L,73,180,0.252,133,Medium,Medium
701,Buddy Bradford,R,71,170,0.226,52,Low,Low
702,Hosken Powell,L,73,175,0.259,17,Low,Medium
703,Dave Stapleton,L,73,185,0.0,0,Medium,Medium
704,Dave Stapleton,R,73,178,0.271,41,Low,Medium
705,Gary Ward,R,74,195,0.276,130,High,Medium
706,Jim Lonborg,R,77,200,0.136,3,High,High
707,Joe Lis,R,72,175,0.233,32,Low,Low
708,Dan Meyer,L,71,180,0.253,86,Medium,Low
709,Jim Holt,L,72,180,0.265,19,Medium,Low
710,Tom Klawitter,R,74,190,0.0,0,Medium,Medium
711,Larry Herndon,R,75,190,0.27399999999999997,107,Medium,High
712,Gary Christenson,L,77,200,0.0,0,High,High
713,Jim Wright,R,77,205,0.0,0,High,High
714,Jim Wright,R,73,165,0.0,0,Low,Medium
715,Wallace Johnson,B,72,173,0.255,5,Low,Low
716,Mike Kinnunen,L,73,185,0.0,0,Medium,Medium
717,Eddie Leon,R,72,170,0.23600000000000002,24,Low,Low
718,Dave Rajsich,L,77,175,0.0,0,Low,High
719,Jim Wohlford,R,71,175,0.26,21,Low,Low
720,J.R. Richard,R,80,222,0.168,10,High,High
721,Bill Voss,L,74,160,0.22699999999999998,19,Low,Medium
722,Keith Moreland,R,72,190,0.27899999999999997,121,Medium,Low
723,Ramon Pena,R,70,155,0.0,0,Low,Low
724,Alex Johnson,R,72,205,0.28800000000000003,78,High,Low
725,Wayne Krenchicki,L,73,180,0.266,15,Medium,Medium
726,Chico Escarrega,R,71,185,0.0,0,Medium,Low
727,Dave Rosello,R,71,160,0.23600000000000002,10,Low,Low
728,Cardell Camper,R,75,208,0.0,0,High,High
729,Paul Schaal,R,71,165,0.244,57,Low,Low
730,Tito Landrum,R,71,175,0.249,13,Low,Low
731,Dave Edwards,R,72,170,0.237,14,Low,Low
732,Mario Guerrero,R,70,155,0.257,7,Low,Low
733,Tom Tresh,B,73,180,0.245,153,Medium,Medium
734,Mike Overy,R,74,190,0.0,0,Medium,Medium
735,Ron Roenicke,B,72,180,0.23800000000000002,17,Medium,Low
736,Doug Griffin,R,72,160,0.245,7,Low,Low
737,Steve Blass,R,72,165,0.172,1,Low,Low
738,Johnnie LeMaster,R,74,165,0.222,22,Low,Medium
739,Craig Chamberlain,R,73,190,0.0,0,Medium,Medium
740,Nate Oliver,R,70,160,0.226,2,Low,Low
741,Ray Sadecki,L,71,180,0.191,5,Medium,Low
742,Ken Rudolph,R,73,180,0.213,6,Medium,Medium
743,Wayne Nordhagen,R,74,205,0.282,39,High,Medium
744,Biff Pocoroba,B,70,175,0.257,21,Low,Low
745,Len Matuszek,L,74,190,0.23399999999999999,30,Medium,Medium
746,Frank Eufemia,R,71,185,0.0,0,Medium,Low
747,Joe Lefebvre,L,70,170,0.258,31,Low,Low
748,Jim Maloney,L,74,190,0.201,7,Medium,Medium
749,Andre Robertson,R,70,155,0.251,5,Low,Low
750,Jerry Zimmerman,R,74,185,0.204,3,Medium,Medium
751,Jack Lazorko,R,71,200,0.0,0,High,Low
752,Mike Paxton,R,71,190,0.0,0,Medium,Low
753,Chet Lemon,R,72,190,0.273,215,Medium,Low
754,Rickey Keeton,R,74,190,0.0,0,Medium,Medium
755,Phil Mankowski,L,72,180,0.264,8,Medium,Low
756,Cleon Jones,R,72,185,0.281,93,Medium,Low
757,Joaquin Andujar,B,72,170,0.127,5,Low,Low
758,Mike Lum,L,72,180,0.247,90,Medium,Low
759,Johnny Grubb,L,75,175,0.278,99,Low,High
760,Curt Motton,R,68,164,0.213,25,Low,Low
761,Johnny Bench,R,73,197,0.267,389,High,Medium
762,Dale Berra,R,72,180,0.23600000000000002,49,Medium,Low
763,Terry Felton,R,73,180,0.0,0,Medium,Medium
764,Bob Meacham,B,73,175,0.23600000000000002,8,Low,Medium
765,Mark Clear,R,76,200,0.0,0,High,High
766,Carl Warwick,R,70,170,0.248,31,Low,Low
767,Sam Bowens,R,73,188,0.223,45,Medium,Medium
768,George Wright,B,71,180,0.245,42,Medium,Low
769,Luis Aguayo,R,69,173,0.23600000000000002,37,Low,Low
770,Hal Lanier,R,74,180,0.228,8,Medium,Medium
771,Mike Pazik,L,74,195,0.0,0,High,Medium
772,Len Randle,B,70,169,0.257,27,Low,Low
773,Greg Pryor,R,72,180,0.25,14,Medium,Low
774,Jim Traber,L,72,194,0.22699999999999998,27,High,Low
775,Dave Nelson,R,70,160,0.244,20,Low,Low
776,Lynn Jones,R,69,175,0.252,7,Low,Low
777,Bryan Little,B,70,160,0.245,3,Low,Low
778,Ken Suarez,R,69,175,0.22699999999999998,5,Low,Low
779,Rick Peters,B,69,170,0.27699999999999997,2,Low,Low
780,Ron Stone,L,74,185,0.24100000000000002,6,Medium,Medium
781,Rich Barnes,R,76,186,0.0,0,Medium,High
782,Tommie Agee,R,71,195,0.255,130,High,Low
783,Bob Bailey,R,73,180,0.257,189,Medium,Medium
784,Cap Peterson,R,74,195,0.23,19,High,Medium
785,Ted Uhlaender,L,74,190,0.263,36,Medium,Medium
786,Ted Simmons,B,71,193,0.285,248,High,Low
787,Bobby Murcer,L,71,160,0.27699999999999997,252,Low,Low
788,Dick Tracewski,R,71,160,0.213,8,Low,Low
789,Dave Frost,R,78,235,0.0,0,High,High
790,Mark Souza,L,72,180,0.0,0,Medium,Low
791,Bill Nahorodny,R,74,200,0.24100000000000002,25,High,Medium
792,Bill Madlock,R,71,180,0.305,163,Medium,Low
793,Bob Boone,R,74,195,0.254,105,High,Medium
794,Rick Jones,L,77,190,0.0,0,Medium,High
795,Steve Kemp,L,72,195,0.278,130,High,Low
796,Rick Burleson,R,70,165,0.273,50,Low,Low
797,Jim Dorsey,R,79,190,0.0,0,Medium,High
798,Mark Ciardi,R,72,180,0.0,0,Medium,Low
799,Dennis Burtt,R,72,180,0.0,0,Medium,Low
800,Carl Taylor,R,74,200,0.266,10,High,Medium
801,Terry Harmon,R,74,180,0.233,4,Medium,Medium
802,Mike Hargrove,L,72,195,0.29,80,High,Low
803,Rich Yett,R,74,187,0.0,0,Medium,Medium
804,Steve Hovley,L,70,188,0.258,8,Medium,Low
805,Don Leppert,R,74,220,0.22899999999999998,15,High,Medium
806,Matt Williams,R,73,200,0.0,0,High,Medium
807,Jim Burton,R,75,195,0.0,0,High,High
808,Rick Anderson,R,74,210,0.0,0,High,Medium
809,Charlie Mitchell,R,75,170,0.0,0,Low,High
810,Bill Paschall,R,72,175,0.0,0,Low,Low
811,John Bohnet,B,72,175,0.0,0,Low,Low
812,Byron McLaughlin,R,73,175,0.0,0,Low,Medium
813,Lee May,R,75,195,0.267,354,High,High
814,Luis Quintana,L,74,175,0.0,0,Low,Medium
815,Sam McDowell,L,77,190,0.154,2,Medium,High
816,Rick Renick,R,72,188,0.221,20,Medium,Low
817,Jeff Torborg,R,72,195,0.214,8,High,Low
818,Dave Campbell,R,73,180,0.213,20,Medium,Medium
819,Pat Kelly,L,73,185,0.264,76,Medium,Medium
820,Al Weis,B,72,160,0.21899999999999997,7,Low,Low
821,Jerry Turner,L,69,180,0.257,45,Medium,Low
822,Rick Auerbach,R,72,165,0.22,9,Low,Low
823,Keith Macwhorter,R,76,190,0.0,0,Medium,High
824,Don Wilson,R,74,195,0.146,1,High,Medium
825,Jaime Cocanower,R,76,200,0.0,0,High,High
826,Jeff Sellers,R,73,175,0.0,0,Low,Medium
827,Sandy Valdespino,L,68,170,0.23,7,Low,Low
828,Steve Senteney,R,74,205,0.0,0,High,Medium
829,Howard Bailey,R,72,195,0.0,0,High,Low
830,Jeff Bettendorf,R,75,180,0.0,0,Medium,High
831,Ken Phelps,L,73,209,0.239,123,High,Medium
832,Cesar Cedeno,R,74,175,0.285,199,Low,Medium
833,Bob Davidson,R,72,185,0.0,0,Medium,Low
834,Phil Linz,R,73,180,0.235,11,Medium,Medium
835,Manny Mota,R,70,160,0.304,31,Low,Low
836,Brian Snyder,L,75,185,0.0,0,Medium,High
837,Steve Renko,R,77,230,0.215,6,High,High
838,Rick Sofield,L,73,195,0.243,9,High,Medium
839,Carlos Velazquez,R,71,180,0.0,0,Medium,Low
840,Roger Miller,R,75,200,0.0,0,High,High
841,Doug DeCinces,R,74,190,0.259,237,Medium,Medium
842,John Castino,R,71,175,0.278,41,Low,Low
843,Dave May,L,70,186,0.251,96,Medium,Low
844,Ron Washington,R,71,155,0.261,20,Low,Low
845,Billy Grabarkewitz,R,70,165,0.23600000000000002,28,Low,Low
846,Willie Aikens,L,75,220,0.271,110,High,High
847,Earl Williams,R,75,215,0.247,138,High,High
848,Willie Mueller,R,76,220,0.0,0,High,High
849,John Flinn,R,72,175,0.0,0,Low,Low
850,Don Hahn,R,73,180,0.23600000000000002,7,Medium,Medium
851,Todd Cruz,R,72,175,0.22,34,Low,Low
852,Tom Egan,R,76,218,0.2,22,High,High
853,Bob Heise,R,72,175,0.247,1,Low,Low
854,Tommy Harper,R,69,165,0.257,146,Low,Low
855,Joe Wallis,B,71,180,0.244,16,Medium,Low
856,Max Alvis,R,71,185,0.247,111,Medium,Low
857,Rico Carty,R,75,200,0.299,204,High,High
858,Mike Cubbage,L,72,180,0.258,34,Medium,Low
859,Les Straker,R,73,193,0.0,0,High,Medium
860,Merritt Ranew,L,71,170,0.247,8,Low,Low
861,Lyman Bostock,L,73,180,0.311,23,Medium,Medium
862,Damaso Garcia,R,73,165,0.28300000000000003,36,Low,Medium
863,Don Kainer,R,75,205,0.0,0,High,High
864,Don Gordon,R,73,175,0.0,0,Low,Medium
865,Roy Howell,L,73,190,0.261,80,Medium,Medium
866,Boog Powell,L,76,230,0.266,339,High,High
867,Sandy Wihtol,R,73,195,0.0,0,High,Medium
868,Sonny Siebert,R,75,190,0.17300000000000001,12,Medium,High
869,Jeff Richardson,R,75,185,0.0,0,Medium,High
870,Bobby Darwin,R,74,190,0.251,83,Medium,Medium
871,Dennis DeBarr,L,74,190,0.0,0,Medium,Medium
872,Dan Driessen,L,71,187,0.267,153,Medium,Low
873,Bruce Miller,R,73,185,0.24600000000000002,1,Medium,Medium
874,Bob Bailor,R,71,170,0.264,9,Low,Low
875,Tommy Helms,R,70,165,0.26899999999999996,34,Low,Low
876,Tony Armas,R,71,182,0.252,251,Medium,Low
877,Willie Horton,R,71,209,0.273,325,High,Low
878,Lou Piniella,R,72,182,0.29100000000000004,102,Medium,Low
879,Butch Hobson,R,73,193,0.248,98,High,Medium
880,John Wathan,R,74,205,0.262,21,High,Medium
881,Hal King,L,73,200,0.214,24,High,Medium
882,Mike Krukow,R,77,205,0.193,5,High,High
883,Andres Mora,R,72,180,0.223,27,Medium,Low
884,Barry Foote,R,75,205,0.23,57,High,High
885,Ed Ott,L,70,190,0.259,33,Medium,Low
886,Alan Wiggins,B,74,160,0.259,5,Low,Medium
887,Ron Clark,R,70,175,0.18899999999999997,5,Low,Low
888,Jay Pettibone,R,76,182,0.0,0,Medium,High
889,Glen Cook,R,71,180,0.0,0,Medium,Low
890,Julio Gotay,R,72,180,0.26,6,Medium,Low
891,Gary Alexander,R,74,195,0.23,55,High,Medium
892,Andre Thornton,R,75,200,0.254,253,High,High
893,Bob Oliver,R,75,205,0.256,94,High,High
894,Bill Castro,R,71,170,0.0,0,Low,Low
895,Ed Hodge,L,74,192,0.0,0,High,Medium
896,Tom Buskey,R,75,200,0.0,0,High,High
897,Bruce Taylor,R,72,178,0.0,0,Low,Low
898,Stan Thomas,R,74,185,0.0,0,Medium,Medium
899,Bob Robertson,R,73,195,0.242,115,High,Medium
900,Larry Monroe,R,76,200,0.0,0,High,High
901,Roger Slagle,R,75,190,0.0,0,Medium,High
902,Ollie Brown,R,74,178,0.265,102,Low,Medium
903,Jim Campbell,L,71,175,0.0,0,Low,Low
904,Frank Quilici,R,73,170,0.214,5,Low,Medium
905,Curt Kaufman,R,74,175,0.0,0,Low,Medium
906,Joe Pepitone,L,74,185,0.258,219,Medium,Medium
907,Steve Barber,L,72,195,0.115,5,High,Low
908,De Wayne Vaughn,R,71,180,0.0,0,Medium,Low
909,Norm Miller,L,70,185,0.23800000000000002,24,Medium,Low
910,Bob Galasso,L,73,205,0.0,0,High,Medium
911,Rich Wortham,R,72,185,0.0,0,Medium,Low
912,Bob Chance,L,74,196,0.261,24,High,Medium
913,Julio Cruz,B,69,165,0.237,23,Low,Low
914,Bill Sample,R,69,175,0.272,46,Low,Low
915,Juan Nieves,L,75,175,0.0,0,Low,High
916,Mike Bacsik,R,74,180,0.0,0,Medium,Medium
917,Craig Kusick,R,75,210,0.235,46,High,High
918,Rudy Meoli,L,69,165,0.212,2,Low,Low
919,Ruppert Jones,L,70,170,0.25,147,Low,Low
920,Glenn Hoffman,R,73,175,0.242,23,Low,Medium
921,Russ Gibson,R,73,195,0.228,8,High,Medium
922,Phil Huffman,R,74,180,0.0,0,Medium,Medium
923,Terry Francona,L,73,190,0.27399999999999997,16,Medium,Medium
924,John Bateman,R,75,210,0.23,81,High,High
925,Luis Pujols,R,74,175,0.193,6,Low,Medium
926,Joe Gaines,R,73,190,0.24100000000000002,21,Medium,Medium
927,Doug Rader,R,74,208,0.251,155,High,Medium
928,Mickey Stanley,R,73,185,0.248,117,Medium,Medium
929,Steve Brown,R,77,200,0.0,0,High,High
930,Rick Lysander,R,74,190,0.0,0,Medium,Medium
931,Phil Bradley,R,72,185,0.28600000000000003,78,Medium,Low
932,Winston Llenas,R,70,165,0.23,3,Low,Low
933,Charlie Moore,R,71,180,0.261,36,Medium,Low
934,Ralph Garr,L,71,185,0.306,75,Medium,Low
935,Tommy John,R,75,180,0.157,5,Medium,High
936,Bruce Benedict,R,73,175,0.242,18,Low,Medium
937,John Ellis,R,74,225,0.262,69,High,Medium
938,Wes Parker,B,73,180,0.267,64,Medium,Medium
939,Mel Stottlemyre,R,72,190,0.0,0,Medium,Low
940,David Green,R,75,170,0.268,31,Low,High
941,Reid Nichols,R,71,165,0.266,22,Low,Low
942,Rick Reichardt,R,75,210,0.261,116,High,High
943,Luis Tiant,R,72,180,0.16399999999999998,5,Medium,Low
944,Alex Sanchez,R,74,185,0.0,0,Medium,Medium
945,Broderick Perkins,L,70,180,0.271,8,Medium,Low
946,Leon Roberts,R,75,200,0.267,78,High,High
947,Ray Burris,R,77,200,0.151,1,High,High
948,Len Gabrielson,L,76,210,0.253,37,High,High
949,Johnny Edwards,L,76,220,0.242,81,High,High
950,Paul Wilmet,R,71,170,0.0,0,Low,Low
951,Tom Grieve,R,74,190,0.249,65,Medium,Medium
952,Bruce Ellingsen,L,72,180,0.0,0,Medium,Low
953,Bob Forsch,R,76,200,0.213,12,High,High
954,Gorman Heimueller,L,76,195,0.0,0,High,High
955,Danny Cater,R,72,170,0.276,66,Low,Low
956,Bill Schroeder,R,74,200,0.24,61,High,Medium
957,Clay Dalrymple,L,72,190,0.233,55,Medium,Low
958,Carlos May,L,71,200,0.27399999999999997,90,High,Low
959,Reggie Smith,B,72,180,0.287,314,Medium,Low
960,Ron Reed,R,78,215,0.158,0,High,High
961,Fred Howard,R,75,190,0.0,0,Medium,High
962,Davey Johnson,R,73,170,0.261,136,Low,Medium
963,Ellis Valentine,R,76,205,0.278,123,High,High
964,Roy White,B,70,160,0.271,160,Low,Low
965,Mike Brumley,L,70,195,0.22899999999999998,5,High,Low
966,Al Luplow,L,70,175,0.235,33,Low,Low
967,John Hoover,R,74,190,0.0,0,Medium,Medium
968,Dick Allen,R,71,187,0.292,351,Medium,Low
969,Doug Ault,R,75,200,0.23600000000000002,17,High,High
970,Mark Wagner,R,72,165,0.243,3,Low,Low
971,Mike Walters,R,77,203,0.0,0,High,High
972,Willie Stargell,L,74,188,0.282,475,Medium,Medium
973,Steve Carlton,L,76,210,0.201,13,High,High
974,Jake Wood,R,73,163,0.25,35,Low,Medium
975,Del Unser,L,73,180,0.258,87,Medium,Medium
976,Bob Brower,R,71,185,0.242,17,Medium,Low
977,Ray Culp,R,72,200,0.12300000000000001,1,High,Low
978,Ivan Murrell,R,74,195,0.23600000000000002,33,High,Medium
979,Lee Mazzilli,B,73,180,0.259,93,Medium,Medium
980,Garth Iorg,R,71,170,0.258,20,Low,Low
981,Alan Ashby,B,74,185,0.245,90,Medium,Medium
982,Bob Brenly,R,74,210,0.247,91,High,Medium
983,Ron Blomberg,L,73,195,0.293,52,High,Medium
984,Jim Rooker,R,72,195,0.201,7,High,Low
985,Tim Blackwell,B,71,170,0.228,6,Low,Low
986,Colby Ward,R,74,185,0.0,0,Medium,Medium
987,Jerry Morales,R,70,155,0.259,95,Low,Low
988,Davey Lopes,R,69,170,0.263,155,Low,Low
989,Catfish Hunter,R,72,190,0.226,6,Medium,Low
990,Mario Soto,R,72,174,0.132,1,Low,Low
991,Jimmy Wynn,R,70,160,0.25,291,Low,Low
992,Hank Allen,R,72,190,0.24100000000000002,6,Medium,Low
993,Jim Fregosi,R,73,190,0.265,151,Medium,Medium
994,Pepe Frias,R,70,159,0.24,1,Low,Low
995,Mike Schmidt,R,74,195,0.267,548,High,Medium
996,Willie Montanez,L,72,170,0.275,139,Low,Low
997,Rey Quinones,R,71,160,0.243,29,Low,Low
998,Mike Squires,L,71,185,0.26,6,Medium,Low
999,Champ Summers,L,74,205,0.255,54,High,Medium
1000,Chuck Porter,R,75,187,0.0,0,Medium,High
1001,Bert Campaneris,R,70,160,0.259,79,Low,Low
1002,Bobby Valentine,R,70,189,0.26,12,Medium,Low
1003,Rob Andrews,R,72,185,0.251,3,Medium,Low
1004,Tom Haller,L,76,195,0.257,134,High,High
1005,Tom Dozier,R,74,190,0.0,0,Medium,Medium
1006,Ed Stroud,L,71,180,0.237,14,Medium,Low
1007,Ron Swoboda,R,74,195,0.242,73,High,Medium
1008,Harry Spilman,L,73,180,0.237,18,Medium,Medium
1009,Bob Barton,R,72,175,0.226,9,Low,Low
1010,Daryl Sconiers,L,74,185,0.265,15,Medium,Medium
1011,Joe Torre,R,74,212,0.297,252,High,Medium
1012,Al Ferrara,R,73,200,0.259,51,High,Medium
1013,Rick Steirer,R,76,200,0.0,0,High,High
1014,Sixto Lezcano,R,70,165,0.271,148,Low,Low
1015,Al Lachowicz,R,75,198,0.0,0,High,High
1016,Dave Nicholson,R,74,215,0.212,61,High,Medium
1017,Freddie Patek,R,65,148,0.242,41,Low,Low
1018,Ken Hubbs,R,74,175,0.247,14,Low,Medium
1019,Pepe Mangual,R,70,157,0.242,16,Low,Low
1020,Leron Lee,L,72,196,0.25,31,High,Low
1021,Tom McCarthy,R,72,180,0.0,0,Medium,Low
1022,Steve Ontiveros,B,72,185,0.27399999999999997,24,Medium,Low
1023,Willie Davis,L,74,180,0.27899999999999997,182,Medium,Medium
1024,Tom Lawless,R,71,170,0.207,2,Low,Low
1025,Jerry Moses,R,75,210,0.251,25,High,High
1026,Bobby Bonds,R,73,190,0.268,332,Medium,Medium
1027,Dave McNally,R,71,185,0.133,9,Medium,Low
1028,Darrell Brown,B,72,184,0.27399999999999997,1,Medium,Low
1029,Roy Foster,R,72,185,0.253,45,Medium,Low
1030,Denis Menke,R,72,185,0.25,101,Medium,Low
1031,Hal Breeden,R,74,200,0.243,21,High,Medium
1032,Manny Trillo,R,73,150,0.263,61,Low,Medium
1033,Jackie Gutierrez,R,71,175,0.237,4,Low,Low
1034,Jerry Kenney,L,73,170,0.237,7,Low,Medium
1035,Fred Kendall,R,73,185,0.23399999999999999,31,Medium,Medium
1036,Mike Anderson,R,74,200,0.24600000000000002,28,High,Medium
1037,Jim Lewis,R,75,190,0.0,0,Medium,High
1038,Joe Charboneau,R,74,205,0.266,29,High,Medium
1039,Jimmie Schaffer,R,69,170,0.223,11,Low,Low
1040,Junior Kennedy,R,71,175,0.248,4,Low,Low
1041,Wilbur Howard,B,74,170,0.25,6,Low,Medium
1042,Rod Gilbreath,R,74,180,0.248,14,Medium,Medium
1043,Mark Brouhard,R,73,210,0.259,25,High,Medium
1044,Dan Morogiello,L,73,200,0.0,0,High,Medium
1045,Mike Young,B,74,195,0.247,72,High,Medium
1046,Chris Speier,R,73,175,0.24600000000000002,112,Low,Medium
1047,Gene Michael,B,74,183,0.22899999999999998,15,Medium,Medium
1048,Vic Harris,B,71,165,0.217,13,Low,Low
1049,Mike Fischlin,R,73,165,0.22,3,Low,Medium
1050,Don Money,R,73,170,0.261,176,Low,Medium
1051,Joe Rudi,R,74,200,0.264,179,High,Medium
1052,Jim Rice,R,74,200,0.298,382,High,Medium
1053,Shawn Holman,R,74,185,0.0,0,Medium,Medium
1054,Alan Wirth,R,76,190,0.0,0,Medium,High
1055,Gil Garrido,R,69,150,0.237,1,Low,Low
1056,Marty Perez,R,71,160,0.24600000000000002,22,Low,Low
1057,Tom Matchick,L,73,173,0.215,4,Low,Medium
1058,Jack Perconte,L,70,160,0.27,2,Low,Low
1059,Ed Kirkpatrick,L,71,195,0.23800000000000002,85,High,Low
1060,Jerry Grote,R,70,185,0.252,39,Medium,Low
1061,Ellie Hendricks,L,73,175,0.22,62,Low,Medium
1062,Jim Beauchamp,R,74,190,0.231,14,Medium,Medium
1063,Terry Wilshusen,R,74,210,0.0,0,High,Medium
1064,Tito Fuentes,B,71,175,0.268,45,Low,Low
1065,Ron Brand,R,67,167,0.239,3,Low,Low
1066,Leo Cardenas,R,71,150,0.257,118,Low,Low
1067,Art Shamsky,L,73,168,0.253,68,Low,Medium
1068,Steve Ellsworth,R,80,220,0.0,0,High,High
1069,Ron Cey,R,70,185,0.261,316,Medium,Low
1070,Skip Jutze,R,71,190,0.215,3,Medium,Low
1071,Butch Wynegar,B,73,190,0.255,65,Medium,Medium
1072,Ron LeFlore,R,72,200,0.28800000000000003,59,High,Low
1073,Bill Russell,R,72,175,0.263,46,Low,Low
1074,Gene Tenace,R,72,190,0.24100000000000002,201,Medium,Low
1075,Bubba Morton,R,70,175,0.267,14,Low,Low
1076,Ellie Rodriguez,R,71,185,0.245,16,Medium,Low
1077,Darrel Chaney,B,74,188,0.217,14,Medium,Medium
1078,Dick Nen,L,74,200,0.22399999999999998,21,High,Medium
1079,Bryan Kelly,R,74,195,0.0,0,High,Medium
1080,Bill Freehan,R,75,203,0.262,200,High,High
1081,Steve Nicosia,R,70,185,0.248,11,Medium,Low
1082,Ted Savage,R,73,185,0.233,34,Medium,Medium
1083,Pete Mackanin,R,74,190,0.226,30,Medium,Medium
1084,Rich Dauer,R,72,180,0.257,43,Medium,Low
1085,Mick Kelleher,R,69,176,0.213,0,Low,Low
1086,Rowland Office,L,72,170,0.259,32,Low,Low
1087,Rick Leach,L,73,180,0.268,18,Medium,Medium
1088,Dwayne Murphy,L,73,185,0.24600000000000002,166,Medium,Medium
1089,Larry Harlow,L,74,185,0.248,12,Medium,Medium
1090,Mike Epstein,L,75,230,0.244,130,High,High
1091,Jerry Mumphrey,B,74,185,0.289,70,Medium,Medium
1092,Don Sutton,R,73,185,0.14400000000000002,0,Medium,Medium
1093,Glenn Beckert,R,73,190,0.28300000000000003,22,Medium,Medium
1094,Ron Davis,R,72,175,0.233,10,Low,Low
1095,Mike Shannon,R,75,195,0.255,68,High,High
1096,Jason Thompson,L,76,200,0.261,208,High,High
1097,Wayne Tolleson,B,69,160,0.24100000000000002,9,Low,Low
1098,John Leister,R,74,200,0.0,0,High,Medium
1099,Don Cooper,R,73,185,0.0,0,Medium,Medium
1100,Mike Jorgensen,L,72,195,0.243,95,High,Low
1101,Ed Romero,R,71,160,0.247,8,Low,Low
1102,Rick Joseph,R,73,192,0.243,13,High,Medium
1103,Cecil Cooper,L,74,165,0.298,241,Low,Medium
1104,Bill Almon,R,75,180,0.254,36,Medium,High
1105,Joe Ferguson,R,74,200,0.24,122,High,Medium
1106,Jeff Jones,R,75,210,0.0,0,High,High
1107,Jerry Terrell,R,71,165,0.253,4,Low,Low
1108,John Poloni,L,77,210,0.0,0,High,High
1109,Dave Revering,L,76,210,0.265,62,High,High
1110,Curt Ford,L,70,150,0.245,7,Low,Low
1111,Jerry Dybzinski,R,74,180,0.23399999999999999,3,Medium,Medium
1112,Mike Willis,L,74,205,0.0,0,High,Medium
1113,Bob Burda,L,71,174,0.22399999999999998,13,Low,Low
1114,Jesse Gonder,L,70,180,0.251,26,Medium,Low
1115,Gary Sutherland,R,72,185,0.243,24,Medium,Low
1116,Bob Coluccio,R,71,183,0.22,26,Medium,Low
1117,Dave Rader,L,71,165,0.257,30,Low,Low
1118,Ron Gardenhire,R,72,175,0.23199999999999998,4,Low,Low
1119,Bill Sharp,L,70,178,0.255,9,Low,Low
1120,Alan Bannister,R,71,170,0.27,19,Low,Low
1121,Bob Watson,R,72,201,0.295,184,High,Low
1122,Ken Harrelson,R,74,190,0.239,131,Medium,Medium
1123,Bobby Wine,R,73,187,0.215,30,Medium,Medium
1124,Stefan Wever,R,80,245,0.0,0,High,High
1125,John Kennedy,R,72,185,0.225,32,Medium,Low
1126,Chico Ruiz,B,72,169,0.24,2,Low,Low
1127,Dave Johnson,R,73,183,0.0,0,Medium,Medium
1128,Gail Hopkins,L,70,198,0.266,25,High,Low
1129,Doug Frobel,L,76,196,0.201,20,High,High
1130,Luis Melendez,R,72,165,0.248,9,Low,Low
1131,Jerry Augustine,L,72,183,0.0,0,Medium,Low
1132,Bill Plummer,R,73,190,0.188,14,Medium,Medium
1133,Buck Rodgers,B,74,190,0.23199999999999998,31,Medium,Medium
1134,Phil Niekro,R,73,180,0.16899999999999998,7,Medium,Medium
1135,Jeff Holly,L,77,210,0.0,0,High,High
1136,Tom Poquette,L,70,175,0.268,10,Low,Low
1137,Eric Hetzel,R,75,175,0.0,0,Low,High
1138,Brian Asselstine,L,73,175,0.254,12,Low,Medium
1139,Rick Miller,L,72,175,0.26899999999999996,28,Low,Low
1140,Ed Charles,R,70,170,0.263,86,Low,Low
1141,Luis Gomez,R,69,150,0.21,0,Low,Low
1142,Dave Lemanczyk,R,76,235,0.0,0,High,High
1143,Al Jones,R,76,210,0.0,0,High,High
1144,Floyd Rayford,R,70,190,0.244,38,Medium,Low
1145,Sam Hinds,R,78,215,0.0,0,High,High
1146,Tony Conigliaro,R,75,185,0.264,166,Medium,High
1147,Clay Christiansen,R,77,205,0.0,0,High,High
1148,Jim Barr,R,75,205,0.162,1,High,High
1149,Jerry Remy,L,69,165,0.275,7,Low,Low
1150,Larry Rothschild,L,74,180,0.0,0,Medium,Medium
1151,Frank Duffy,R,73,180,0.23199999999999998,26,Medium,Medium
1152,Gary Lance,B,75,195,0.0,0,High,High
1153,Tom O'Malley,L,72,180,0.256,13,Medium,Low
1154,Phil Garner,R,70,175,0.26,109,Low,Low
1155,Larry Pashnick,R,75,205,0.0,0,High,High
1156,Todd Fischer,R,70,170,0.0,0,Low,Low
